seconds,data
0.0,505021
0.114,506269
0.196,506972
0.29,512910
0.406,534433
0.497,565020
0.614,587967
0.708,593629
0.8,581803
0.913,536812
1.006,525159
1.128,519387
1.216,520292
1.321,527679
1.426,525935
1.527,518970
1.637,514688
1.725,523622
1.817,544790
1.938,571042
2.04,582547
2.149,570189
2.238,550056
2.323,534454
2.449,522214
2.54,507257
2.667,504825
2.751,503933
2.835,504194
2.953,516797
3.043,542028
3.165,570349
3.262,588670
3.36,573325
3.476,550568
3.555,530004
3.682,516377
3.766,509153
3.865,504833
3.98,501818
4.079,502060
4.2,508784
4.281,524940
4.364,555220
4.49,584012
4.582,598527
4.704,593795
4.8,546849
4.87,529641
4.995,517651
5.088,511073
5.206,506672
5.293,503100
5.4,501477
5.519,507630
5.596,555247
5.723,583609
5.804,600848
5.904,597950
6.014,576615
6.117,552843
6.23,534964
6.311,513260
6.406,507996
6.528,503846
6.618,501846
6.745,502847
6.842,505108
6.914,517548
7.039,544501
7.126,595903
7.251,599220
7.343,584364
7.446,560432
7.555,539682
7.637,526725
7.762,518874
7.844,512839
7.938,507478
8.053,506633
8.161,502821
8.276,509452
8.354,536218
8.442,563429
8.568,583093
8.663,582282
8.782,559533
8.88,539844
8.963,527291
9.07,519133
9.165,512949
9.287,508507
9.384,505548
9.466,500921
9.603,503486
9.674,523957
9.793,554108
9.882,583176
9.978,597472
10.096,592281
10.202,551876
10.321,536211
10.398,526781
10.486,520604
10.604,515361
10.706,511473
10.823,508773
10.919,508290
10.997,525705
11.12,554580
11.2,584986
11.325,602142
11.415,598376
11.52,577362
11.64,553423
11.716,520157
11.83,511038
11.922,508645
12.022,507505
12.138,505740
12.229,505827
12.354,512408
12.436,529770
12.525,584580
12.647,603661
12.741,598737
12.855,574545
12.961,551298
13.039,535421
13.15,525352
13.244,515631
13.366,505858
13.453,505121
13.56,509340
13.675,526255
13.756,552605
13.878,580030
13.966,596615
14.051,578874
14.188,556240
14.279,538636
14.401,525362
14.477,517183
14.564,513365
14.69,509251
14.783,504121
14.903,504836
15.01,510871
15.071,525961
15.196,552406
15.293,583241
15.407,604917
15.504,604391
15.599,561800
15.728,545052
15.79,532987
15.918,523953
16.011,517636
16.106,513819
16.215,508354
16.321,503663
16.444,505364
16.515,515262
16.605,534576
16.729,555418
16.826,574027
16.942,584677
17.033,583508
17.109,561265
17.233,547766
17.324,535112
17.446,525082
17.543,519625
17.635,515372
17.76,509325
17.83,507189
17.959,526439
18.052,553702
18.147,580853
18.263,597160
18.358,597022
18.48,577139
18.559,552491
18.646,538085
18.767,523227
18.863,523415
18.983,530438
19.065,533605
19.157,526387
19.274,518274
19.366,527283
19.485,598689
19.576,619953
19.676,621771
19.796,600654
19.875,571086
19.998,549104
20.088,539446
20.181,540145
20.302,541913
20.396,539666
20.514,540302
20.595,542653
20.686,547625
20.805,564999
20.9,589898
21.028,612149
21.112,594552
21.198,566381
21.314,545284
21.407,532046
21.523,522009
21.627,509459
21.715,501154
21.843,496525
21.914,500230
22.034,509583
22.125,526660
22.22,557435
22.345,582170
22.446,589480
22.56,555611
22.644,534327
22.726,522984
22.848,511768
22.934,502711
23.068,498690
23.161,497011
23.234,495323
23.35,509751
23.445,537862
23.567,568423
23.66,587481
23.758,591476
23.873,578139
23.954,554973
24.08,537717
24.165,520679
24.268,513715
24.385,506302
24.48,502318
24.6,499656
24.671,498616
24.764,505494
24.886,557979
24.983,584049
25.089,598914
25.204,596063
25.27,574093
25.402,548622
25.487,531546
25.606,520150
25.711,505539
25.8,498328
25.921,495419
25.989,494867
26.116,496350
26.206,509590
26.296,538493
26.425,595283
26.504,598734
26.625,581491
26.717,557130
26.804,539141
26.926,526046
27.023,516092
27.142,509530
27.237,497048
27.311,493758
27.429,497226
27.524,514468
27.647,544420
27.742,574939
27.841,594536
27.955,569789
28.036,543792
28.158,528622
28.246,518798
28.344,510807
28.463,504559
28.558,500707
28.67,499132
28.755,494027
28.847,506765
28.964,534189
29.063,566898
29.184,593240
29.277,602658
29.357,590419
29.483,562960
29.564,523639
29.685,515229
29.778,508451
29.871,503639
29.996,501207
30.086,501754
30.195,506670
30.278,565266
30.382,591095
30.503,599727
30.606,586941
30.721,562527
30.802,539242
30.885,516453
31.005,504385
31.09,501266
31.223,507581
31.33,518060
31.391,521772
31.523,519505
31.609,527201
31.724,546829
31.819,592452
31.916,605256
32.03,600076
32.112,579755
32.239,556742
32.325,537113
32.422,526912
32.541,523295
32.64,516546
32.75,513798
32.836,514732
32.928,523630
33.045,543156
33.142,569068
33.26,591949
33.36,597456
33.438,573489
33.555,551204
33.643,535119
33.765,522409
33.864,515717
33.953,513223
34.086,515665
34.158,527752
34.277,534801
34.367,546007
34.459,562727
34.583,580022
34.672,586583
34.8,581497
34.88,566405
34.959,537591
35.091,524452
35.18,511827
35.299,505739
35.41,503773
35.475,503212
35.596,505010
35.686,533595
35.805,561044
35.896,581988
35.991,591538
36.106,588159
36.199,569531
36.317,546859
36.404,530561
36.507,513924
36.625,505686
36.716,499393
36.839,497979
36.915,497789
37.006,501471
37.128,515437
37.226,564787
37.341,585373
37.44,590910
37.516,580488
37.646,560821
37.727,541184
37.848,527091
37.94,517918
38.04,506063
38.16,498838
38.234,497536
38.35,509757
38.446,534239
38.544,563307
38.664,591616
38.752,608844
38.879,584640
38.957,554193
39.047,534427
39.16,522472
39.265,513455
39.374,506988
39.469,502638
39.554,499275
39.678,504523
39.764,528475
39.885,557719
39.985,581916
40.065,594597
40.2,588842
40.277,566541
40.395,523448
40.486,511188
40.579,504651
40.699,500223
40.808,497067
40.915,495310
40.994,497590
41.081,534464
41.206,558235
41.3,580261
41.415,587591
41.51,575092
41.596,552469
41.715,532198
41.804,519685
41.924,501872
42.021,495921
42.106,494097
42.239,493141
42.313,492626
42.437,500351
42.529,524036
42.622,572569
42.739,587561
42.831,589198
42.958,571650
43.042,548961
43.125,532597
43.25,522030
43.337,512589
43.456,498129
43.561,496288
43.634,495460
43.749,497230
43.846,508622
43.964,534950
44.063,560759
44.151,581759
44.276,570474
44.357,550153
44.477,532439
44.558,520169
44.661,511781
44.784,502695
44.878,496767
44.995,495423
45.08,502992
45.164,522107
45.284,548445
45.381,574500
45.499,589116
45.596,589024
45.68,572458
45.798,528838
45.885,516864
46.006,510879
46.092,505829
46.205,499049
46.319,495935
46.394,496327
46.512,517634
46.606,543244
46.693,571097
46.828,592946
46.915,599187
47.036,585966
47.113,561255
47.206,540159
47.327,515831
47.423,509593
47.538,505901
47.637,500377
47.717,495905
47.844,495539
47.924,496819
48.046,531214
48.136,560277
48.238,585025
48.36,595948
48.435,584689
48.557,560044
48.646,539049
48.738,524112
48.857,507093
48.956,503245
49.076,500311
49.157,495127
49.247,495723
49.365,512661
49.467,543023
49.585,592827
49.67,596430
49.758,580403
49.883,552150
49.966,531187
50.093,519652
50.181,511558
50.281,505320
50.395,498702
50.477,497739
50.595,494374
50.689,495764
50.78,516476
50.895,547054
50.999,573974
51.103,591344
51.199,580471
51.288,554449
51.404,531744
51.503,519200
51.619,512412
51.715,507171
51.795,503276
51.917,500696
52.014,499570
52.131,504113
52.224,527898
52.321,557768
52.439,581745
52.514,594312
52.635,590511
52.723,548479
52.83,529589
52.934,518429
53.03,512150
53.148,507121
53.229,503659
53.331,501399
53.445,500381
53.54,506651
53.658,531053
53.754,559829
53.831,580938
53.963,588996
54.04,581204
54.167,563102
54.256,528388
54.351,516209
54.475,509234
54.557,504084
54.676,500623
54.764,498618
54.858,498907
54.984,506036
55.073,550879
55.189,574630
55.275,586037
55.364,583785
55.486,569554
55.586,551803
55.697,536965
55.796,510179
55.881,503885
56.001,500761
56.079,498493
56.203,497024
56.304,497842
56.385,510958
56.522,537883
56.595,574869
56.728,577967
56.806,567540
56.897,551759
57.023,536475
57.116,524057
57.234,515160
57.319,497365
57.407,495339
57.526,494739
57.625,496164
57.743,507738
57.841,530343
57.908,554724
58.04,569353
58.127,560787
58.244,546167
58.344,531780
58.427,520771
58.557,512937
58.629,508068
58.755,503922
58.847,493579
58.944,492875
59.058,493906
59.159,507455
59.281,536656
59.356,565068
59.447,579864
59.567,575215
59.664,539148
59.788,522123
59.877,509650
59.956,502607
60.078,499425
60.165,498829
60.282,496765
60.385,492203
60.475,498104
60.6,515459
60.675,541961
60.801,564181
60.891,577936
60.982,579198
61.109,565480
61.196,536590
61.315,525195
61.397,516023
61.485,509314
61.604,505415
61.71,502377
61.823,497007
61.92,494670
61.994,515625
62.117,540226
62.204,561182
62.321,573206
62.421,574513
62.511,563489
62.642,548451
62.714,523265
62.843,513932
62.93,507128
63.023,503589
63.13,501158
63.246,497155
63.364,501438
63.436,516287
63.526,558616
63.645,573073
63.735,576526
63.867,567229
63.945,549118
64.031,533189
64.152,522644
64.246,507537
64.365,502940
64.466,500673
64.556,499735
64.677,500708
64.754,516096
64.888,542418
64.971,565328
65.061,576174
65.187,564747
65.265,550557
65.399,533918
65.471,520909
65.566,513004
65.695,506913
65.78,502409
65.904,498693
65.984,498973
66.081,504051
66.193,525696
66.286,553475
66.403,572310
66.502,579881
66.604,555786
66.715,534041
66.791,517486
66.918,508838
67.006,504619
67.106,501357
67.227,498774
67.305,497313
67.437,514142
67.516,536770
67.605,558533
67.724,571160
67.822,570477
67.947,555337
68.03,537493
68.124,516964
68.237,507653
68.332,502181
68.445,499738
68.549,498372
68.629,497060
68.758,499633
68.836,517892
68.956,566476
69.047,577264
69.133,578168
69.271,567117
69.346,550928
69.478,535419
69.552,524379
69.647,508804
69.766,501880
69.864,500364
69.984,505059
70.075,522369
70.157,549174
70.276,577793
70.366,597800
70.484,575707
70.582,550995
70.673,535102
70.798,524195
70.876,516099
70.996,510179
71.088,507021
71.182,505160
71.303,513291
71.398,540361
71.522,568801
71.594,588938
71.682,597797
71.808,590650
71.897,570020
72.019,531663
72.127,522492
72.19,515928
72.309,510117
72.406,505852
72.526,503875
72.623,504869
72.723,511686
72.839,564811
72.916,591452
73.03,603287
73.125,593864
73.227,569344
73.342,547521
73.439,530549
73.557,512536
73.635,508132
73.728,504604
73.846,502266
73.941,501867
74.058,505693
74.151,517895
74.241,541136
74.356,584693
74.445,587770
74.566,575038
74.655,556152
74.744,539005
74.873,523335
74.953,513345
75.071,503387
75.164,500579
75.262,499428
75.377,502958
75.481,515767
75.601,535542
75.68,558990
75.767,582451
75.886,593732
75.981,575971
76.106,556088
76.187,539196
76.28,524340
76.397,514765
76.494,508781
76.606,504721
76.708,502837
76.787,510507
76.919,526794
77.005,545169
77.125,569486
77.207,590831
77.3,598212
77.42,565813
77.521,549317
77.634,537308
77.717,523900
77.803,513997
77.924,507668
78.023,503391
78.133,500996
78.232,501815
78.322,511436
78.434,529055
78.524,553001
78.645,576563
78.745,591131
78.836,590660
78.957,553525
79.041,538795
79.15,524531
79.246,514585
79.346,509302
79.46,506070
79.554,503709
79.68,501814
79.757,513507
79.846,536390
79.962,557385
80.06,571683
80.185,575112
80.276,568319
80.36,554533
80.469,528593
80.566,519844
80.687,509952
80.778,502528
80.883,499704
81.001,498712
81.086,507031
81.195,531738
81.286,580781
81.381,584545
81.494,571757
81.592,554209
81.719,538937
81.797,526199
81.88,517102
82.002,510932
82.099,504532
82.228,498868
82.303,497014
82.394,505548
82.51,528092
82.606,554933
82.725,572883
82.819,554013
82.913,527616
83.04,512725
83.115,508523
83.236,509942
83.327,508983
83.418,506340
83.546,504221
83.628,516235
83.752,538434
83.83,569748
83.926,594628
84.045,602360
84.132,590216
84.259,567063
84.364,536081
84.429,523121
84.555,514179
84.645,509354
84.763,506138
84.855,506704
84.959,520907
85.074,551850
85.15,604185
85.28,605721
85.359,589002
85.465,564191
85.579,544974
85.681,532095
85.797,523953
85.869,510715
85.968,504833
86.083,503247
86.17,506268
86.298,523004
86.4,551103
86.479,579956
86.611,602012
86.693,586880
86.804,561075
86.906,544583
86.997,533055
87.119,524398
87.196,518602
87.324,514717
87.406,511321
87.494,510064
87.615,533846
87.719,567045
87.837,594177
87.917,607674
88.007,602520
88.138,581322
88.214,540462
88.338,528365
88.438,520955
88.508,515316
88.642,511082
88.727,508983
88.848,512741
88.945,528313
89.04,580932
89.144,603083
89.232,613093
89.353,604083
89.451,579796
89.535,557351
89.657,543514
89.76,521641
89.876,514188
89.961,510285
90.045,508228
90.171,510606
90.272,526041
90.38,551591
90.481,578805
90.557,595878
90.675,579325
90.759,556691
90.882,540277
90.983,529535
91.072,521998
91.2,517160
91.275,505027
91.4,502912
91.479,502387
91.574,508794
91.699,533431
91.805,565472
91.929,593151
91.995,605548
92.084,572818
92.206,552138
92.294,537571
92.421,527158
92.517,519657
92.605,515007
92.712,509413
92.805,504713
92.925,515772
93.025,542073
93.116,574149
93.237,596967
93.314,603879
93.437,589404
93.53,564442
93.619,534962
93.742,525264
93.84,518154
93.961,513797
94.032,511745
94.133,508328
94.244,511624
94.34,533459
94.461,595153
94.549,609475
94.637,601902
94.761,577858
94.848,551233
94.965,531924
95.058,522063
95.153,511476
95.28,508160
95.357,506660
95.477,506592
95.566,508354
95.654,526460
95.785,559922
95.871,590041
95.999,599297
96.074,577953
96.159,555722
96.284,537080
96.382,523334
96.501,516697
96.6,512911
96.674,506861
96.805,505541
96.885,505987
97.006,508496
97.105,526016
97.196,558397
97.316,586990
97.389,602342
97.514,576691
97.605,554463
97.703,536268
97.821,520701
97.919,511280
98.026,506724
98.114,503986
98.207,502903
98.325,503461
98.425,517536
98.545,538424
98.631,561816
98.719,585547
98.837,597139
98.926,590262
99.046,550491
99.151,537866
99.231,526783
99.363,516058
99.433,509699
99.563,506548
99.649,504405
99.742,503520
99.854,526087
99.946,554856
100.07,580362
100.157,594766
100.244,592797
100.365,575578
100.462,555375
100.577,526563
100.68,518090
100.754,509084
100.884,503265
100.966,501588
101.084,500728
101.17,501314
101.278,510395
101.399,567535
101.478,588676
101.599,595050
101.682,586329
101.782,566991
101.897,549456
102.001,535367
102.11,517412
102.194,509916
102.289,503444
102.408,501768
102.502,502194
102.609,510525
102.716,536431
102.798,568670
102.922,597292
103.005,582601
103.127,561593
103.226,545498
103.319,532046
103.435,521331
103.516,513943
103.633,509883
103.726,503017
103.821,503134
103.94,515809
104.041,546326
104.166,579294
104.232,596888
104.324,601652
104.446,568816
104.537,546801
104.661,532502
104.749,521955
104.837,514432
104.958,509582
105.045,507745
105.169,507564
105.258,509749
105.356,534760
105.478,566085
105.558,585102
105.671,589317
105.765,581467
105.86,565097
105.982,529387
106.08,518212
106.183,511746
106.276,507298
106.374,504576
106.48,503482
106.584,505576
106.694,514089
106.792,563260
106.876,587126
107.003,595264
107.087,586915
107.205,567332
107.297,549514
107.391,535673
107.511,510911
107.597,506172
107.727,503877
107.804,503217
107.903,503142
108.016,508828
108.109,530315
108.241,561089
108.316,598235
108.404,601844
108.523,592997
108.628,572668
108.745,553278
108.84,537657
108.916,523594
109.035,513612
109.129,506883
109.248,505983
109.345,508341
109.435,524180
109.565,551103
109.628,575001
109.763,587717
109.847,572523
109.936,553559
110.063,538241
110.158,527373
110.278,518852
110.357,509829
110.448,504512
110.561,503007
110.661,504563
110.783,513489
110.876,536005
110.956,564709
111.079,585390
111.162,594009
111.283,587688
111.386,547368
111.483,530905
111.6,520578
111.676,511590
111.806,504601
111.891,502128
111.984,501527
112.1,501821
112.194,525872
112.319,556574
112.393,583899
112.488,598803
112.604,599461
112.698,584239
112.822,563090
112.92,533557
112.997,525306
113.112,517560
113.207,509416
113.326,505605
113.418,504660
113.516,504910
113.638,511519
113.716,567870
113.84,588254
113.921,589364
114.022,575180
114.137,557436
114.234,542337
114.363,529799
114.433,520392
114.533,512907
114.648,508880
114.739,503803
114.854,503454
114.95,509695
115.041,528103
115.165,555540
115.257,601504
115.366,595854
115.458,571310
115.555,548395
115.673,533785
115.762,523378
115.869,515940
115.967,511434
116.057,507804
116.174,503847
116.276,502237
116.398,514405
116.472,539418
116.565,568921
116.687,591128
116.777,594043
116.899,573456
116.998,551715
117.069,537811
117.193,528224
117.292,520219
117.404,514619
117.509,511270
117.595,505794
117.711,503346
117.799,516235
117.911,542624
118.003,568926
118.102,588229
118.221,596026
118.318,570658
118.436,549389
118.509,534605
118.606,524177
118.728,516277
118.819,510922
118.945,507553
119.029,506786
119.108,506206
119.238,525103
119.324,552653
119.447,575313
119.535,586897
119.647,585696
119.759,569142
119.836,543186
119.964,515730
120.044,511561
120.147,508780
120.261,506724
120.349,504874
120.47,505385
120.549,507591
120.649,542975
120.767,570065
120.855,586604
120.982,589361
121.078,576307
121.162,557332
121.276,540955
121.367,525715
121.493,510477
121.578,507185
121.673,505102
121.796,504373
121.877,509377
122.001,525203
122.09,546674
122.171,584734
122.306,590596
122.386,586433
122.521,571280
122.594,555230
122.685,541807
122.803,528013
122.91,516451
123.015,507194
123.121,505281
123.188,503252
123.31,507955
123.406,525807
123.529,548751
123.621,568612
123.723,587037
123.841,574635
123.922,556678
124.041,541583
124.124,531141
124.226,520710
124.341,511676
124.44,507495
124.563,504337
124.634,504422
124.725,512938
124.844,533920
124.937,553843
125.062,569222
125.155,578833
125.232,577008
125.362,547553
125.455,534201
125.564,523974
125.663,513202
125.761,506464
125.879,504025
125.954,502712
126.075,505303
126.163,517794
126.255,537274
126.384,557720
126.474,573773
126.603,579692
126.681,571791
126.763,554015
126.886,527198
126.983,518386
127.106,509460
127.19,504865
127.275,502995
127.401,502239
127.483,504015
127.607,532921
127.698,556152
127.8,574715
127.914,586653
127.997,587141
128.115,573101
128.209,555472
128.298,541553
128.419,523627
128.512,514849
128.637,510215
128.714,508012
128.808,506846
128.919,508343
129.019,517535
129.143,560752
129.234,579325
129.316,589296
129.429,587247
129.526,569970
129.645,549238
129.739,535004
129.834,526643
129.948,511045
130.036,508185
130.161,506697
130.248,506562
130.346,509107
130.463,521293
130.543,544500
130.676,566455
130.757,593851
130.844,591486
130.967,572644
131.066,552179
131.182,537352
131.285,526054
131.349,516231
131.477,509143
131.568,507042
131.687,505658
131.788,508687
131.879,524158
131.991,548024
132.069,571561
132.201,587162
132.285,577884
132.385,558716
132.5,541552
132.597,529044
132.711,518518
132.803,512754
132.879,509998
133.003,506871
133.102,509340
133.212,524226
133.324,547597
133.39,571061
133.517,589506
133.611,594672
133.724,582628
133.827,543866
133.918,530659
134.031,519771
134.116,510427
134.238,506081
134.328,503676
134.423,502545
134.54,506710
134.638,520386
134.75,540262
134.837,560149
134.927,576164
135.046,582551
135.143,575400
135.262,557384
135.359,528010
135.436,518131
135.558,509102
135.641,504771
135.767,503473
135.855,503622
135.944,511235
136.065,533982
136.156,588585
136.272,598286
136.365,593683
136.456,577571
136.576,556853
136.676,539357
136.805,526588
136.875,513964
136.966,508390
137.084,502577
137.179,502805
137.294,511568
137.391,530562
137.482,557679
137.602,583077
137.688,599251
137.808,578835
137.904,553965
137.998,536118
138.114,523535
138.209,516928
138.318,516523
138.401,528906
138.507,534600
138.628,543858
138.709,560601
138.836,580787
138.914,599932
139.007,613214
139.125,614273
139.215,567053
139.337,543125
139.44,529405
139.517,521209
139.636,515167
139.726,510390
139.847,507527
139.943,511220
140.036,528234
140.162,554507
140.232,576890
140.36,589706
140.451,590143
140.542,577509
140.66,559380
140.744,524344
140.887,516127
140.956,510769
141.049,506715
141.166,505118
141.255,508536
141.388,519499
141.474,551621
141.561,569447
141.674,584948
141.767,590224
141.885,581550
141.982,565330
142.077,548081
142.208,531043
142.275,513480
142.401,508276
142.49,504932
142.582,503346
142.698,506298
142.79,517020
142.914,533622
142.995,551947
143.086,583258
143.216,583378
143.305,568826
143.422,550610
143.52,536310
143.594,523517
143.724,515623
143.799,507372
143.929,504821
144.016,503396
144.118,505399
144.226,515849
144.316,532421
144.438,551963
144.525,574180
144.618,588010
144.742,571714
144.84,551658
144.95,538177
145.033,526569
145.123,516381
145.245,510330
145.348,504202
145.463,502623
145.551,504211
145.64,516827
145.76,537913
145.845,557028
145.965,573441
146.062,581967
146.148,561018
146.271,545348
146.355,533590
146.477,524406
146.566,513738
146.659,505628
146.779,502517
146.881,506588
147.001,520031
147.083,541646
147.166,565121
147.285,583102
147.377,591860
147.499,589200
147.598,572847
147.677,537394
147.802,527735
147.884,522134
148.008,515452
148.102,509718
148.189,508837
148.32,512448
148.396,519745
148.521,545623
148.604,566854
148.703,582528
148.821,590094
148.922,587431
149.04,572892
149.118,554140
149.208,526032
149.327,516981
149.414,508037
149.535,501879
149.629,499981
149.713,500406
149.839,507827
149.922,528418
150.048,577214
150.135,586235
150.222,584020
150.355,570135
150.429,550414
150.552,534478
150.644,522768
150.741,510561
150.859,504165
150.96,502490
151.082,503595
151.157,508770
151.248,526621
151.366,555874
151.465,582979
151.582,585375
151.681,565245
151.751,546897
151.869,532770
151.965,521706
152.085,514111
152.187,509977
152.27,500715
152.402,502210
152.472,508748
152.594,524435
152.69,547425
152.781,569673
152.895,584234
152.993,581429
153.115,550042
153.198,536568
153.287,525214
153.404,516923
153.505,512438
153.631,508797
153.713,503315
153.794,503824
153.917,539548
154.004,567471
154.127,591559
154.214,601868
154.321,591044
154.435,563557
154.516,541250
154.643,519595
154.725,513301
154.823,508691
154.944,506745
155.035,505882
155.155,502379
155.234,502358
155.327,517615
155.446,574206
155.544,592915
155.664,596790
155.748,582084
155.832,557346
155.959,539134
156.046,528137
156.163,514101
156.256,510034
156.356,507827
156.476,506638
156.549,503107
156.685,507758
156.763,527936
156.862,549900
156.982,589305
157.081,590378
157.194,577010
157.276,556052
157.368,537876
157.487,526745
157.574,519353
157.703,508347
157.799,505342
157.872,504618
157.999,503853
158.086,510202
158.212,534133
158.305,563504
158.397,590001
158.519,592908
158.591,570992
158.717,550357
158.798,532933
158.906,521333
159.025,514642
159.12,509412
159.23,505286
159.31,500915
159.404,505552
159.521,521928
159.614,549354
159.743,575029
159.837,589162
159.916,586143
160.04,549734
160.124,535608
160.246,523355
160.342,512796
160.44,506808
160.562,503386
160.639,500959
160.759,499571
160.846,518190
160.946,547288
161.062,575653
161.162,594366
161.272,595917
161.362,578796
161.445,555703
161.568,528278
161.655,518335
161.781,509646
161.876,504875
161.958,502218
162.069,501562
162.158,511027
162.284,542259
162.383,593767
162.467,603143
162.608,612277
162.669,617354
162.797,604960
162.879,581758
162.976,563240
163.107,537086
163.191,526872
163.319,522266
163.391,522042
163.499,528913
163.605,552616
163.702,583217
163.825,602702
163.918,619089
163.994,618413
164.11,601586
164.206,578486
164.319,560712
164.424,549033
164.521,540561
164.642,531936
164.71,523848
164.834,525786
164.925,535103
165.014,562448
165.135,595434
165.244,608684
165.351,591098
165.443,535908
165.524,517636
165.646,505824
165.746,499691
165.859,497556
165.961,497310
166.03,493584
166.156,492843
166.252,526416
166.364,563056
166.468,593766
166.561,602375
166.681,579048
166.755,546726
166.88,523593
166.97,499365
167.055,496199
167.18,495947
167.273,493687
167.395,491307
167.476,496376
167.565,516975
167.686,555076
167.781,604681
167.904,587466
168.003,555397
168.072,530046
168.193,512292
168.286,501321
168.408,496996
168.495,493131
168.6,492390
168.717,493947
168.804,499650
168.912,521043
169.005,558709
169.104,596227
169.222,613331
169.307,572943
169.429,546947
169.517,530216
169.602,519750
169.726,510897
169.819,505073
169.936,503709
170.037,505758
170.114,527093
170.257,549907
170.325,575627
170.447,594592
170.538,594545
170.632,577039
170.753,555208
170.84,525966
170.963,516253
171.045,511852
171.14,508214
171.262,504628
171.348,502345
171.479,505922
171.561,520329
171.645,561352
171.768,570949
171.861,568872
171.977,559242
172.074,548095
172.15,534504
172.273,521291
172.366,507887
172.486,503483
172.577,501613
172.684,506886
172.797,524602
172.881,549254
173.001,574328
173.084,587911
173.181,564704
173.31,545394
173.384,528001
173.518,515888
173.595,510001
173.68,505298
173.806,501436
173.904,497962
174.018,495976
174.117,501669
174.202,517742
174.327,541811
174.408,564299
174.52,576565
174.623,573775
174.719,539355
174.836,528508
174.915,518846
175.034,510790
175.13,505393
175.22,501839
175.348,502948
175.423,532013
175.558,551200
175.639,572120
175.73,590088
175.845,595982
175.934,581585
176.061,558344
176.16,541495
176.244,522374
176.361,517632
176.452,512655
176.558,508441
176.659,514471
176.746,532252
176.878,555269
176.961,578025
177.079,598555
177.164,580709
177.252,556612
177.381,541043
177.477,529883
177.598,521155
177.674,515076
177.766,505846
177.884,506523
177.977,516210
178.097,536714
178.202,560913
178.276,583498
178.401,596929
178.486,590743
178.603,549415
178.698,535007
178.789,524684
178.919,517712
178.992,512652
179.116,505925
179.201,501722
179.298,504819
179.417,518789
179.515,548668
179.631,578095
179.72,592993
179.804,587310
179.927,567773
180.02,547129
180.14,519682
180.24,512386
180.316,507729
180.446,501411
180.527,496846
180.64,496931
180.742,499629
180.844,538830
180.963,569290
181.034,592460
181.154,596142
181.252,581769
181.34,560423
181.455,542030
181.559,529269
181.679,515136
181.756,508687
181.842,502538
181.967,501361
182.062,503098
182.184,510590
182.271,528209
182.354,553226
182.473,588736
182.566,582059
182.684,564485
182.786,547050
182.883,534056
183.0,523740
183.077,516992
183.197,501784
183.287,497847
183.378,497114
183.504,498449
183.591,508393
183.719,530355
183.805,556438
183.884,576415
184.006,582035
184.106,564274
184.224,544168
184.314,529673
184.397,521755
184.518,514811
184.599,505881
184.726,498634
184.816,497103
184.913,496385
185.043,498525
185.116,511993
185.244,533512
185.325,558762
185.417,578509
185.544,567952
185.628,550635
185.765,537214
185.837,525670
185.923,515091
186.043,509305
186.135,505714
186.253,501278
186.352,501652
186.436,507177
186.554,522099
186.647,548258
186.766,571699
186.865,582182
186.955,577416
187.08,549561
187.162,532976
187.277,520122
187.359,513260
187.457,508267
187.588,503391
187.678,500907
187.805,502846
187.874,518976
187.965,540974
188.086,565248
188.174,580595
188.295,580480
188.4,565935
188.479,548617
188.599,522084
188.686,515887
188.806,511418
188.904,507269
188.996,504291
189.111,503869
189.196,510289
189.314,523484
189.408,562976
189.509,581692
189.627,589423
189.722,580858
189.835,561848
189.916,545362
190.006,530806
190.126,514839
190.215,510208
190.342,506343
190.443,504297
190.521,506444
190.635,518051
190.728,535881
190.846,558747
190.938,594211
191.034,586282
191.163,564443
191.235,545015
191.356,532032
191.443,519235
191.542,511111
191.658,503332
191.757,500307
191.877,498975
191.951,505975
192.044,524885
192.169,547976
192.264,573678
192.386,589436
192.472,568072
192.555,547353
192.68,533034
192.765,520997
192.886,511786
192.98,507128
193.076,503474
193.198,500779
193.269,500601
193.397,509869
193.488,525410
193.577,548012
193.71,573412
193.795,591807
193.911,595143
193.997,563377
194.087,545491
194.209,530780
194.305,522486
194.421,516215
194.513,510121
194.599,505132
194.722,502948
194.799,503632
194.923,528524
195.02,562257
195.122,587858
195.231,600429
195.323,591439
195.436,567378
195.526,525810
195.621,517691
195.741,511667
195.84,506270
195.949,502099
196.033,500156
196.125,497392
196.244,497968
196.341,544095
196.46,570968
196.555,588475
196.637,589887
196.752,573773
196.843,548605
196.968,531077
197.059,514773
197.156,508410
197.284,503363
197.354,500796
197.481,497265
197.561,491720
197.663,493537
197.782,504640
197.88,547059
198.002,572547
198.076,586689
198.164,580569
198.284,560581
198.386,542150
198.503,529586
198.6,512346
198.686,507519
198.801,502612
198.885,496460
199.007,494819
199.108,499987
199.205,518587
199.311,546844
199.39,592009
199.518,592734
199.606,573788
199.705,551378
199.818,536965
199.913,526801
200.042,518293
200.115,511621
200.206,501163
200.334,495696
200.427,496324
200.541,506105
200.636,527811
200.715,551922
200.837,570146
200.928,571366
201.044,554781
201.142,540817
201.234,529349
201.349,519088
201.434,511274
201.558,506383
201.644,500573
201.744,493429
201.861,493515
201.96,499514
202.083,517945
202.164,542508
202.248,568762
202.367,585587
202.46,580161
202.588,559906
202.672,542503
202.766,530574
202.88,521947
202.966,513167
203.086,511191
203.183,518465
203.288,538563
203.402,549299
203.476,561456
203.592,575931
203.685,594193
203.778,608689
203.903,610531
204.002,567436
204.117,547449
204.201,532191
204.286,520440
204.408,514100
204.5,509524
204.623,505106
204.718,502017
204.795,501990
204.914,507608
205.005,530324
205.128,558265
205.223,577580
205.317,582786
205.439,571976
205.516,553266
205.64,522760
205.725,517502
205.819,516622
205.945,519352
206.029,521402
206.147,521028
206.235,516778
206.327,527225
206.44,539812
206.546,557949
206.666,573951
206.755,576735
206.83,564013
206.957,547540
207.048,536642
207.166,518434
207.256,511777
207.358,505786
207.482,499070
207.555,496711
207.678,498305
207.767,508673
207.861,560575
207.977,581232
208.066,588213
208.199,579638
208.28,559236
208.372,540523
208.484,528386
208.583,519825
208.696,503065
208.8,500334
208.871,499126
208.997,498981
209.079,505564
209.203,525362
209.292,547325
209.389,585175
209.511,583110
209.597,566086
209.715,547882
209.813,534060
209.904,521274
210.027,513091
210.114,508867
210.241,501726
210.308,500267
210.416,502996
210.529,508751
210.614,525299
210.748,553908
210.849,578815
210.924,590699
211.039,568290
211.126,547184
211.245,530006
211.344,520783
211.443,514439
211.549,508717
211.631,504577
211.75,500809
211.847,498426
211.946,500964
212.062,520709
212.144,547205
212.274,573204
212.356,590972
212.438,591157
212.569,549587
212.661,530112
212.778,520256
212.878,514441
212.96,509385
213.082,505397
213.168,502825
213.291,499413
213.383,501014
213.478,521535
213.604,549789
213.671,573952
213.798,588991
213.887,587169
213.981,570034
214.096,529129
214.196,519510
214.303,514596
214.4,511119
214.485,510871
214.606,512110
214.693,513378
214.825,519517
214.921,542602
214.996,567317
215.11,587405
215.206,596423
215.327,589160
215.42,569995
215.515,548195
215.63,522266
215.714,516671
215.844,511356
215.928,507415
216.02,505388
216.142,505336
216.24,504765
216.356,513885
216.438,562200
216.529,583287
216.648,594141
216.745,588409
216.858,569402
216.952,547257
217.035,529876
217.16,514083
217.247,508696
217.366,504307
217.456,501643
217.55,501749
217.676,505046
217.749,518579
217.879,542719
217.968,586137
218.054,592649
218.18,582461
218.283,562132
218.402,543103
218.473,528188
218.563,520408
218.685,512420
218.782,508689
218.903,505156
218.988,504021
219.077,501651
219.198,497392
219.291,500682
219.405,514511
219.501,542093
219.595,560628
219.723,570904
219.793,566789
219.919,550763
220.003,538774
220.103,531632
220.228,518460
220.301,513259
220.432,509669
220.511,506309
220.607,501259
220.724,504474
220.822,519459
220.945,538672
221.034,562128
221.12,565468
221.235,559556
221.325,545071
221.445,526099
221.544,511181
221.635,501163
221.756,488186
221.843,487926
221.954,488834
222.043,484755
222.143,482100
222.263,489764
222.349,509064
222.478,535304
222.564,565254
222.645,559689
222.765,541219
222.855,522370
222.981,509887
223.068,502340
223.161,495816
223.275,490702
223.366,485183
223.487,483601
223.579,480013
223.67,483873
223.798,500673
223.886,523345
223.99,544174
224.085,562523
224.177,552612
224.292,531479
224.404,514916
224.522,504867
224.598,497165
224.686,490647
224.803,486022
224.905,484603
225.017,484704
225.12,496697
225.198,520587
225.309,544290
225.405,566055
225.526,577874
225.618,555904
225.709,534560
225.841,516731
225.911,505853
226.03,498600
226.127,492904
226.215,488942
226.344,486664
226.434,487612
226.55,499108
226.63,525282
226.727,551215
226.846,568467
226.945,574100
227.065,563462
227.155,526664
227.229,510896
227.36,500503
227.444,494052
227.565,489351
227.662,485839
227.748,483386
227.884,484602
227.957,503202
228.075,520839
228.166,542898
228.254,562631
228.375,573729
228.465,570262
228.586,552593
228.669,534919
228.766,506140
228.884,499054
228.983,493252
229.102,488663
229.193,485830
229.276,484637
229.4,486229
229.478,501029
229.602,521590
229.701,538809
229.788,549625
229.919,552772
229.995,543668
230.117,529750
230.208,515564
230.302,495014
230.421,490247
230.513,486322
230.632,484259
230.71,483417
230.805,484799
230.924,488026
231.022,524448
231.141,548247
231.245,563505
231.312,566448
231.434,555795
231.523,540519
231.646,526101
231.745,514118
231.825,511726
231.95,509241
232.036,510617
232.159,511005
232.249,512351
232.33,517006
232.46,530467
232.547,585001
232.673,598353
232.756,595004
232.844,578870
232.971,562087
233.062,544728
233.182,527742
233.268,514995
233.356,502791
233.474,499137
233.566,498821
233.689,499963
233.777,506361
233.876,523849
233.989,544360
234.078,562481
234.194,564880
234.287,548324
234.384,531372
234.502,514807
234.6,504479
234.712,499666
234.79,496552
234.887,493208
235.008,494411
235.097,500835
235.213,517168
235.326,543217
235.398,567219
235.518,579986
235.603,577887
235.727,540878
235.82,524889
235.917,511447
236.036,504893
236.109,500838
236.246,497011
236.321,494687
236.422,494489
236.535,496854
236.631,511819
236.751,536356
236.841,559294
236.921,577161
237.045,582108
237.14,568799
237.26,524348
237.358,509832
237.434,503004
237.553,498835
237.645,495683
237.763,493415
237.865,492528
237.948,507419
238.084,526480
238.155,546038
238.278,562259
238.366,571996
238.464,568626
238.577,553245
238.682,538337
238.789,512081
238.87,505354
238.963,499218
239.085,494606
239.182,494425
239.304,496854
239.397,501802
239.483,538545
239.604,562401
239.688,581064
239.807,589220
239.904,581389
240.0,562267
240.116,544259
240.197,528340
240.324,510848
240.416,505071
240.502,500722
240.63,497679
240.71,496868
240.838,496648
240.915,507263
241.0,534737
241.124,578825
241.222,584447
241.336,573763
241.436,554283
241.513,534949
241.629,520583
241.723,512505
241.846,501407
241.943,497551
242.043,495676
242.157,494833
242.239,496666
242.35,513897
242.443,537765
242.544,559146
242.66,578636
242.761,567425
242.881,547968
242.956,529221
243.047,518110
243.163,511513
243.263,505902
243.382,498163
243.469,496128
243.556,492116
243.678,488420
243.767,489563
243.886,494980
243.981,506407
244.076,523771
244.186,561330
244.28,567868
244.396,563185
244.485,550075
244.581,535834
244.701,524570
244.795,517043
244.91,504874
244.995,498013
245.085,496049
245.206,495187
245.305,495527
245.422,501633
245.521,519431
245.6,543459
245.717,570606
245.805,566848
245.924,549844
246.015,532933
246.116,520503
246.238,512341
246.317,505147
246.435,496633
246.525,491078
246.625,492567
246.736,499190
246.842,516100
246.961,541281
247.035,567054
247.125,583312
247.246,567022
247.329,545350
247.456,529694
247.568,519281
247.633,510990
247.758,501739
247.848,495943
247.959,493579
248.054,497323
248.152,517802
248.274,548066
248.349,572768
248.481,585488
248.567,582109
248.662,562061
248.784,526418
248.878,517394
248.995,509241
249.079,500832
249.164,496691
249.287,497278
249.383,506671
249.504,517484
249.595,553475
249.681,574720
249.799,589064
249.886,588908
250.008,569241
250.094,544892
250.194,527642
250.32,507628
250.395,500566
250.518,498202
250.604,496949
250.695,496416
250.817,502978
250.922,525510
251.035,554096
251.114,593455
251.203,589802
251.33,566906
251.425,542827
251.538,526305
251.637,514791
251.717,504284
251.84,498153
251.926,493950
252.045,494371
252.143,502465
252.229,524188
252.351,551623
252.435,576633
252.554,592158
252.646,566554
252.737,541918
252.863,524627
252.957,511641
253.068,500689
253.15,494781
253.244,492064
253.364,490686
253.456,496820
253.576,518185
253.675,545773
253.766,572922
253.88,589499
253.97,585846
254.084,565314
254.187,527994
254.281,514095
254.389,502842
254.474,497094
254.593,493906
254.679,491949
254.781,492019
254.906,499727
254.987,546581
255.122,574169
255.193,589602
255.286,582622
255.406,559607
255.502,537517
255.614,522211
255.721,501047
255.795,497293
255.915,494602
256.003,493178
256.123,494832
256.221,508149
256.313,530346
256.435,554860
256.513,590331
256.64,579422
256.723,556463
256.816,536651
256.941,524287
257.025,512220
257.154,503498
257.237,499359
257.329,494776
257.445,495143
257.548,508555
257.658,532268
257.756,555439
257.84,578237
257.961,588985
258.046,558467
258.164,538017
258.268,524096
258.353,511545
258.479,502876
258.557,498653
258.676,495996
258.763,494496
258.856,495893
258.99,503379
259.08,520815
259.207,547600
259.273,572730
259.359,586292
259.48,584057
259.583,548152
259.705,529242
259.799,515384
259.877,508134
259.996,503560
260.088,500172
260.206,497808
260.299,497876
260.389,516131
260.515,537577
260.608,563012
260.72,581416
260.809,585248
260.9,572106
261.023,550987
261.12,516060
261.228,507300
261.316,502804
261.414,499494
261.524,496917
261.619,495690
261.751,497431
261.839,503675
261.921,539247
262.04,558108
262.124,566051
262.249,559813
262.345,542097
262.44,528579
262.556,517800
262.641,507886
262.752,499299
262.847,496251
262.944,494136
263.057,493940
263.158,499810
263.277,515293
263.351,537255
263.448,576080
263.566,577736
263.66,564219
263.775,545508
263.865,530632
263.956,517173
264.076,507883
264.168,502703
264.285,495884
264.381,494132
264.476,495816
264.593,501263
264.672,513596
264.792,540697
264.886,575949
264.975,605881
265.1,585651
265.195,558457
265.322,535251
265.39,519642
265.486,514983
265.606,520979
265.7,532912
265.825,548815
265.902,544142
265.994,541108
266.115,555034
266.207,578069
266.323,597273
266.414,598142
266.526,558429
266.64,539426
266.717,526764
266.837,520952
266.927,515798
267.02,510517
267.134,506924
267.236,503672
267.368,502377
267.438,517638
267.521,545431
267.641,573952
267.74,586683
267.863,575044
267.944,549375
268.048,527754
268.164,504158
268.248,498731
268.365,496251
268.463,492350
268.546,490057
268.67,491078
268.751,491870
268.874,512309
268.967,541743
269.061,568459
269.182,579340
269.281,567473
269.399,547398
269.48,528740
269.565,515310
269.687,501813
269.776,500187
269.904,498893
270.001,497351
270.07,495666
270.201,494055
270.288,500652
270.41,536655
270.502,556613
270.6,571529
270.71,572773
270.79,560669
270.926,546840
271.008,537258
271.102,529697
271.22,514349
271.319,509254
271.443,510004
271.509,520038
271.605,538210
271.726,557142
271.821,577908
271.94,590249
272.03,575710
272.116,554753
272.239,537714
272.326,525262
272.444,516695
272.543,507709
272.641,501866
272.758,509570
272.832,524362
272.959,547109
273.049,571797
273.134,588648
273.263,588684
273.365,573875
273.476,535492
273.557,522330
273.646,513516
273.764,507746
273.865,500051
273.983,493553
274.067,491779
274.153,495424
274.274,541209
274.36,571356
274.485,593579
274.582,594149
274.674,574282
274.804,550289
274.87,531866
274.995,519019
275.087,504586
275.173,500141
275.309,493978
275.385,493888
275.524,505412
275.598,521079
275.687,543029
275.807,589354
275.902,596113
276.025,580779
276.115,555150
276.2,535911
276.31,522871
276.406,513255
276.524,506265
276.625,501197
276.713,500859
276.841,502509
276.911,503939
277.037,507966
277.128,520712
277.221,544266
277.34,575647
277.434,570826
277.55,552326
277.637,533897
277.729,521276
277.85,511874
277.939,501487
278.059,494607
278.158,490595
278.237,491270
278.367,501858
278.447,522654
278.568,549661
278.658,576163
278.76,589458
278.872,565629
278.954,546237
279.073,528082
279.163,515703
279.265,509070
279.381,504003
279.476,499990
279.601,498410
279.668,505767
279.765,523974
279.884,548453
279.979,574412
280.099,592457
280.19,595658
280.274,578485
280.39,551868
280.486,525413
280.614,516967
280.697,510082
280.794,505898
280.921,502211
280.995,495916
281.116,495082
281.204,522444
281.304,545390
281.417,569483
281.52,587953
281.635,587969
281.722,567980
281.799,546508
281.926,532183
282.024,512507
282.133,506637
282.237,502724
282.315,499549
282.434,497831
282.521,505521
282.648,520200
282.737,568602
282.838,589190
282.96,595828
283.037,583345
283.158,557368
283.245,536968
283.346,524968
283.463,516135
283.559,504082
283.674,501476
283.751,501237
283.845,504581
283.971,519220
284.054,542195
284.186,566617
284.279,588091
284.362,572444
284.482,550433
284.564,530994
284.682,516929
284.775,509549
284.88,504544
285.0,500898
285.082,497711
285.195,502486
285.284,515724
285.37,539560
285.506,567922
285.601,591899
285.71,610190
285.794,606984
285.887,558120
286.005,537904
286.094,524112
286.215,516392
286.308,510619
286.395,506381
286.517,503776
286.606,501756
286.718,504684
286.821,523020
286.919,550270
287.035,572524
287.124,584839
287.24,583452
287.325,566778
287.424,528427
287.538,515795
287.636,508831
287.761,503894
287.836,499957
287.924,497458
288.046,497292
288.135,520253
288.258,541940
288.363,565562
288.431,578515
288.563,576984
288.651,560729
288.765,541051
288.866,528253
288.96,504974
289.076,497315
289.161,493799
289.285,491802
289.37,493047
289.459,502028
289.583,525559
289.667,575367
289.802,582373
289.881,573728
289.976,553693
290.091,534984
290.179,522292
290.306,514132
290.389,508684
290.478,496180
290.598,492545
290.684,494582
290.806,507112
290.901,528617
290.997,552913
291.122,575963
291.196,589151
291.32,561420
291.414,540041
291.499,525405
291.625,514472
291.72,506451
291.835,501269
291.91,498568
292.007,491220
292.125,494591
292.229,511489
292.344,538088
292.429,565921
292.51,586880
292.638,592451
292.727,578078
292.847,531961
292.94,520082
293.04,511401
293.16,504775
293.242,500619
293.357,499065
293.445,497070
293.541,499564
293.654,517916
293.761,543717
293.867,568221
293.955,584597
294.046,586715
294.165,570232
294.26,545381
294.376,518583
294.482,511192
294.554,505240
294.676,500947
294.767,498848
294.886,496148
294.983,491869
295.081,522774
295.202,546668
295.272,567215
295.389,578020
295.486,573795
295.585,557969
295.706,537136
295.796,521697
295.904,507134
295.996,502709
296.083,499535
296.204,497884
296.298,497796
296.421,498447
296.52,505586
296.594,555135
296.718,578035
296.805,588446
296.919,582467
297.022,562758
297.118,542540
297.23,524951
297.315,513450
297.435,503301
297.525,500286
297.613,498429
297.746,498247
297.835,500944
297.961,510508
298.033,530457
298.126,557378
298.248,585672
298.34,579156
298.46,561203
298.552,541990
298.63,526342
298.755,512011
298.844,502855
298.968,495869
299.059,494313
299.162,493362
299.273,494675
299.357,499692
299.479,512795
299.565,537531
299.666,562065
299.779,575336
299.885,561837
300.004,542852
300.068,528718
300.166,515778
300.285,503654
300.384,497233
300.503,492762
300.605,494103
300.677,504516
300.79,527888
